{
    "weekdays": {
        "sunday": "Domenica",
        "monday": "Lunedì",
        "tuesday": "Martedì",
        "wednesday": "Mercoledì",
        "thursday": "Giovedì",
        "friday": "Venerdì",
        "saturday": "Sabato"
    },
    "weekdays_short": {
        "sun": "Dom",
        "mon": "Lun",
        "tue": "Mar",
        "wed": "Mer",
        "thu": "Gio",
        "fri": "Ven",
        "sat": "Sab"
    },
    "weekdays_min": {
        "Su": "",
        "Mo": "",
        "Tu": "",
        "We": "",
        "Th": "",
        "Fr": "",
        "Sa": ""
    },
    "months": {
        "january": "Gennaio",
        "february": "Febbraio",
        "march": "Marzo",
        "april": "Aprile",
        "may": "Maggio",
        "june": "Giugno",
        "july": "Luglio",
        "august": "Agosto",
        "september": "Settembre",
        "october": "Ottobre",
        "november": "Novembre",
        "december": "Dicembre"
    },
    "months_short": {
        "jan": "Gen",
        "feb": "Feb",
        "mar": "Mar",
        "apr": "Apr",
        "may": "Mag",
        "jun": "Giu",
        "jul": "Lug",
        "aug": "Ago",
        "sep": "Set",
        "oct": "Ott",
        "nov": "Nov",
        "dec": "Dic"
    },
    "language": "it"
}
